{"Houston Dynamo": {"sup": -0.04678134855891616, "tot": -0.12776464549840222}, "San Jose Earthquakes": {"sup": -0.11600356255710856, "tot": -0.08730208109733396}, "Seattle Sounders": {"sup": -0.01619147254575419, "tot": -0.2273952993655023}, "Minnesota United": {"sup": 0.0782364258394567, "tot": -0.029328031447722766}, "Club de Foot Montreal": {"sup": -0.05884754516139403, "tot": 0.16970533425734746}, "Toronto FC": {"sup": -0.09214554408351884, "tot": 0.11933803309377927}, "Orlando City": {"sup": 0.017120543506407876, "tot": 0.05454775464848066}, "Atlanta Utd": {"sup": -0.039425731877154986, "tot": -0.010435381472402437}, "Los Angeles FC": {"sup": 0.21626767497915447, "tot": 0.5072582990536354}, "Austin FC": {"sup": 0.03405313588960156, "tot": -0.21019220051961945}, "Columbus Crew": {"sup": -0.021780946032977103, "tot": -0.25324968151793836}, "Philadelphia Union": {"sup": 0.059784151134672794, "tot": 0.02143969681338405}, "DC United": {"sup": 0.024603408510001708, "tot": -0.18446774958728973}, "New York City": {"sup": 0.1911995153568129, "tot": 0.16946981403117434}, "Nashville SC": {"sup": 0.03482821652914102, "tot": -0.30822327527378923}, "FC Cincinnati": {"sup": -0.10037703101039194, "tot": -0.13463539585039758}, "Chicago Fire": {"sup": -0.13427555888809947, "tot": 0.2864205955713519}, "New England Revolution": {"sup": 0.1751747943392706, "tot": 0.1961814453104884}, "New York Red Bulls": {"sup": 0.09044972459893519, "tot": -0.04822424195624782}, "Sporting Kansas City": {"sup": 0.11345980355556004, "tot": 0.02601219250998408}, "FC Dallas": {"sup": -0.03348063203971603, "tot": -0.013648196271418755}, "Colorado Rapids": {"sup": 0.08774533945703616, "tot": -0.06443399734186839}, "Vancouver Whitecaps": {"sup": -0.21022632614292527, "tot": -0.03101353340179063}, "Portland Timbers": {"sup": -0.04847605690776052, "tot": 0.16478759797752587}, "Los Angeles Galaxy": {"sup": -0.02512132638879212, "tot": 0.16224679516240229}, "Inter Miami": {"sup": -0.13012556520274546, "tot": -0.1490221075437907}, "Real Salt Lake": {"sup": -0.033255016255696726, "tot": -0.12242577854623383}, "ints": {"sup": 0.17297464975079813, "tot": 2.976965634329591}}