{"Kawasaki Frontale": {"sup": 0.38193102612315916, "tot": 0.44698175302407833}, "Yokohama F. Marinos": {"sup": 0.22454449752348143, "tot": 0.7375239054679764}, "Sanfrecce Hiroshima": {"sup": 0.1132233953087032, "tot": -0.011740397179851666}, "Vegalta Sendai": {"sup": -0.199309037180746, "tot": 0.04700601395682373}, "Oita Trinita": {"sup": -0.22981572809775275, "tot": -0.33744956271665105}, "Tokushima": {"sup": -0.07471347849924341, "tot": -0.4113299067388478}, "Hokkaido Consadole Sapporo": {"sup": 0.07641821322959394, "tot": 0.3162143902367356}, "Yokohama FC": {"sup": -0.27437912067890535, "tot": 0.017264505811561442}, "Urawa Reds": {"sup": 0.021528855762203612, "tot": 0.060160553275312084}, "FC Tokyo": {"sup": 0.07482845694216242, "tot": -0.021650928491132558}, "Shonan Bellmare": {"sup": -0.1707670355641855, "tot": -0.1276864215767369}, "Sagan Tosu": {"sup": -0.016778176333582667, "tot": -0.1619960642885918}, "Kashima Antlers": {"sup": 0.18041198777383807, "tot": 0.1493192989916864}, "Shimizu S-Pulse": {"sup": -0.03331396178091576, "tot": -0.09461627517831177}, "Cerezo Osaka": {"sup": 0.01112563626587013, "tot": 0.06695238989259109}, "Kashiwa Reysol": {"sup": -0.08637056547009515, "tot": -0.03779430441333674}, "Vissel Kobe": {"sup": 0.08476456004525561, "tot": 0.1188748673108905}, "Gamba Osaka": {"sup": -0.11436354211701483, "tot": -0.01558615053942989}, "Avispa Fukuoka": {"sup": -0.17287069678930603, "tot": -0.2786564722265681}, "Nagoya Grampus": {"sup": 0.14814025503758393, "tot": -0.3875962716520095}, "ints": {"sup": 0.06055895345838662, "tot": 2.558541372035292}}